{"cameraMode":{"drawMode":0,"name":"Shaded","section":"Shading Mode"},"sceneLighting":false,"audioPlay":false,"sceneViewState":{"showFog":false,"showMaterialUpdate":false,"showSkybox":false,"showFlares":false,"showImageEffects":false,"showParticleSystems":true},"in2DMode":false,"pivot":{"x":0.39357662200927737,"y":-1.251044750213623,"z":-0.8972291946411133},"rotation":{"x":-0.48000678420066836,"y":-0.5054624080657959,"z":0.4148904085159302,"w":-0.584779679775238},"size":23.902503967285158,"orthographic":false}