{"cameraMode":{"drawMode":0,"name":"Shaded","section":"Shading Mode"},"sceneLighting":false,"audioPlay":false,"sceneViewState":{"showFog":false,"showMaterialUpdate":false,"showSkybox":false,"showFlares":false,"showImageEffects":false,"showParticleSystems":true},"in2DMode":false,"pivot":{"x":24.979846954345704,"y":-29.25921630859375,"z":9.39924144744873},"rotation":{"x":-0.3544752597808838,"y":-0.5165964961051941,"z":0.24786999821662904,"w":-0.7389423847198486},"size":58.02068328857422,"orthographic":false}