{"cameraMode":{"drawMode":0,"name":"Shaded","section":"Shading Mode"},"sceneLighting":false,"audioPlay":false,"sceneViewState":{"showFog":false,"showMaterialUpdate":false,"showSkybox":false,"showFlares":false,"showImageEffects":false,"showParticleSystems":true},"in2DMode":false,"pivot":{"x":6.931000232696533,"y":1.0245983600616456,"z":-9.194999694824219},"rotation":{"x":-0.31879448890686037,"y":-0.32625269889831545,"z":0.11790768057107926,"w":-0.8820584416389465},"size":1552.2421875,"orthographic":false}