{"cameraMode":{"drawMode":0,"name":"Shaded","section":"Shading Mode"},"sceneLighting":false,"audioPlay":false,"sceneViewState":{"showFog":false,"showMaterialUpdate":false,"showSkybox":false,"showFlares":false,"showImageEffects":false,"showParticleSystems":true},"in2DMode":false,"pivot":{"x":-0.07499998807907105,"y":0.009999999776482582,"z":0.0},"rotation":{"x":0.28985026478767397,"y":-0.6600229144096375,"z":0.3081552982330322,"w":0.6208035349845886},"size":5.64589262008667,"orthographic":false}