{"cameraMode":{"drawMode":0,"name":"Shaded","section":"Shading Mode"},"sceneLighting":false,"audioPlay":false,"sceneViewState":{"showFog":false,"showMaterialUpdate":false,"showSkybox":false,"showFlares":false,"showImageEffects":false,"showParticleSystems":true},"in2DMode":false,"pivot":{"x":2.547880172729492,"y":-5.379899978637695,"z":-5.535661697387695},"rotation":{"x":0.41005825996398928,"y":-0.3223164975643158,"z":0.15757007896900178,"w":0.838532030582428},"size":48.80012893676758,"orthographic":false}