{"cameraMode":{"drawMode":0,"name":"Shaded","section":"Shading Mode"},"sceneLighting":false,"audioPlay":false,"sceneViewState":{"showFog":false,"showMaterialUpdate":false,"showSkybox":false,"showFlares":false,"showImageEffects":false,"showParticleSystems":true},"in2DMode":false,"pivot":{"x":-0.07499998807907105,"y":0.009999999776482582,"z":0.0},"rotation":{"x":0.02592538297176361,"y":-0.6668428182601929,"z":0.023220224305987359,"w":0.7443852424621582},"size":5.64589262008667,"orthographic":false}