{"cameraMode":{"drawMode":0,"name":"Shaded","section":"Shading Mode"},"sceneLighting":false,"audioPlay":false,"sceneViewState":{"showFog":false,"showMaterialUpdate":false,"showSkybox":false,"showFlares":false,"showImageEffects":false,"showParticleSystems":true},"in2DMode":false,"pivot":{"x":12.470385551452637,"y":-7.122663974761963,"z":-10.999098777770996},"rotation":{"x":-0.183073028922081,"y":-0.7402278184890747,"z":0.2231587916612625,"w":-0.6072457432746887},"size":30.24922752380371,"orthographic":false}