{"cameraMode":{"drawMode":0,"name":"Shaded","section":"Shading Mode"},"sceneLighting":false,"audioPlay":false,"sceneViewState":{"showFog":false,"showMaterialUpdate":false,"showSkybox":false,"showFlares":false,"showImageEffects":false,"showParticleSystems":true},"in2DMode":false,"pivot":{"x":5.331827640533447,"y":0.018487930297851564,"z":-10.359140396118164},"rotation":{"x":-0.3409477770328522,"y":0.6001770496368408,"z":-0.31381461024284365,"w":-0.6519683003425598},"size":9.220744132995606,"orthographic":false}