{"cameraMode":{"drawMode":0,"name":"Shaded","section":"Shading Mode"},"sceneLighting":false,"audioPlay":false,"sceneViewState":{"showFog":false,"showMaterialUpdate":false,"showSkybox":false,"showFlares":false,"showImageEffects":false,"showParticleSystems":true},"in2DMode":false,"pivot":{"x":0.7590926289558411,"y":-5.973539352416992,"z":0.1667916178703308},"rotation":{"x":-0.3702206313610077,"y":0.5374720096588135,"z":-0.2830716669559479,"w":-0.7028022408485413},"size":30.211103439331056,"orthographic":false}