{"cameraMode":{"drawMode":0,"name":"Shaded","section":"Shading Mode"},"sceneLighting":false,"audioPlay":false,"sceneViewState":{"showFog":false,"showMaterialUpdate":false,"showSkybox":false,"showFlares":false,"showImageEffects":false,"showParticleSystems":true},"in2DMode":false,"pivot":{"x":-3.75,"y":-0.005757331848144531,"z":-1.2916667461395264},"rotation":{"x":0.41005825996398928,"y":-0.3223164975643158,"z":0.15757007896900178,"w":0.838532030582428},"size":43.84722137451172,"orthographic":false}