{"cameraMode":{"drawMode":0,"name":"Shaded","section":"Shading Mode"},"sceneLighting":false,"audioPlay":false,"sceneViewState":{"showFog":false,"showMaterialUpdate":false,"showSkybox":false,"showFlares":false,"showImageEffects":false,"showParticleSystems":true},"in2DMode":false,"pivot":{"x":2.547880172729492,"y":-5.379899978637695,"z":-5.535661697387695},"rotation":{"x":0.44910943508148196,"y":0.5481925010681152,"z":-0.46112483739852908,"w":0.5339939594268799},"size":27.897050857543947,"orthographic":false}